candidate,t0,depth,depth_err
0,1741.5859823253452,0.8490684717773478,0.07422904500370443
0,1749.6076622382318,,
0,1757.6293421511184,0.7738719737200306,0.1026981876455829
0,1765.651022064005,,
0,1773.6727019768916,,
0,1781.6943818897782,,
0,1789.7160618026649,,
0,1797.7377417155515,,
0,1805.759421628438,,
0,1813.7811015413247,,
0,1821.8027814542113,,
0,1829.824461367098,,
0,1837.8461412799845,,
0,1845.8678211928711,,
0,1853.8895011057577,,
0,1861.9111810186444,,
0,1869.932860931531,,
0,1877.9545408444176,,
0,1885.9762207573042,,
0,1893.9979006701908,,
0,1902.0195805830774,0.9245690729356992,0.09080428166982205
0,1910.041260495964,0.9048187746336644,0.06872370814989022
0,1918.0629404088506,0.9898125555474202,0.07073364813087547
0,1926.0846203217372,0.9127609038719342,0.0722564086528603
0,1934.1063002346239,0.8656173368936093,0.0650123742316241
0,1942.1279801475105,,
0,1950.149660060397,0.7672786958942135,0.059346197064184994
0,1958.1713399732837,,
0,1966.1930198861703,,
0,1974.214699799057,,
0,1982.2363797119435,,
0,1990.2580596248301,,
0,1998.2797395377168,,
0,2006.3014194506034,,
0,2014.32309936349,,
0,2022.3447792763766,,
0,2030.3664591892632,,
0,2038.3881391021498,,
0,2046.4098190150364,,
0,2054.4314989279233,,
0,2062.45317884081,,
0,2070.4748587536965,,
0,2078.496538666583,,
0,2086.5182185794697,,
0,2094.5398984923563,,
0,2102.561578405243,,
0,2110.5832583181295,,
0,2118.604938231016,,
0,2126.6266181439028,,
0,2134.6482980567894,,
0,2142.669977969676,,
0,2150.6916578825626,,
0,2158.713337795449,,
0,2166.735017708336,,
0,2174.7566976212224,,
0,2182.778377534109,,
0,2190.8000574469957,,
0,2198.8217373598823,,
0,2206.843417272769,,
0,2214.8650971856555,,
0,2222.886777098542,,
0,2230.9084570114287,,
0,2238.9301369243153,,
0,2246.951816837202,,
0,2254.9734967500885,,
0,2262.995176662975,,
0,2271.0168565758618,,
0,2279.0385364887484,,
0,2287.060216401635,,
0,2295.0818963145216,,
0,2303.103576227408,,
0,2311.125256140295,,
0,2319.1469360531814,,
0,2327.168615966068,,
0,2335.1902958789547,,
0,2343.2119757918413,,
0,2351.233655704728,,
0,2359.2553356176145,,
0,2367.277015530501,,
0,2375.2986954433877,,
0,2383.3203753562743,,
0,2391.342055269161,,
0,2399.3637351820475,,
0,2407.385415094934,,
0,2415.4070950078208,,
0,2423.4287749207074,,
0,2431.450454833594,,
0,2439.4721347464806,,
0,2447.493814659367,,
0,2455.515494572254,,
0,2463.5371744851404,,
0,2471.558854398027,,
0,2479.5805343109137,,
0,2487.6022142238003,,
0,2495.623894136687,,
0,2503.6455740495735,,
0,2511.66725396246,,
0,2519.6889338753467,,
0,2527.7106137882333,,
0,2535.73229370112,,
0,2543.7539736140066,,
0,2551.775653526893,,
0,2559.79733343978,,
0,2567.8190133526664,,
0,2575.840693265553,,
0,2583.8623731784396,,
0,2591.884053091326,,
0,2599.905733004213,,
0,2607.9274129170994,,
0,2615.949092829986,,
0,2623.9707727428727,,
0,2631.9924526557593,,
0,2640.014132568646,,
0,2648.0358124815325,0.6611425564858608,0.06591116973642226
0,2656.057492394419,0.7709208738985174,0.08887332231119961
0,2664.0791723073057,0.7133946392336998,0.12310557175388434
0,2672.1008522201923,0.934312947213134,0.07946025229770452
0,2680.122532133079,,
0,2688.1442120459656,1.2086604220267194,0.0812296365014593
1,1739.5118909391852,0.07525147560871748,0.06263058475504317
1,1740.3875180228374,1.070891505691618,0.10967824108836619
1,1741.2631451064897,0.3783207447402015,0.10265808261515007
1,1742.138772190142,0.18215122969578168,0.12188379084421065
1,1743.0143992737942,0.436025148648711,0.11576461276204944
1,1743.8900263574465,-0.003502497834428908,0.09414343204922582
1,1744.7656534410987,0.6268599326685331,0.06606647461923086
1,1745.641280524751,-0.08332731330451537,0.12036001427512717
1,1746.5169076084032,0.16142592404311262,0.09534510266687041
1,1747.3925346920555,-0.2592811275947682,0.10015204849942645
1,1748.2681617757078,0.5341153462586901,0.04588920147336814
1,1749.14378885936,,
1,1750.0194159430123,,
1,1750.8950430266646,,
1,1751.7706701103168,0.011080058162638018,0.1755389073449107
1,1752.646297193969,0.11867480654048634,0.09788830289193966
1,1753.5219242776213,0.026673908089747123,0.12881072711847946
1,1754.3975513612736,0.5551367843270594,0.07965894294033549
1,1755.2731784449259,0.7559476382990038,0.10765398839726488
1,1756.1488055285781,0.2638132504231283,0.09120613223033698
1,1757.0244326122304,0.25753083401214294,0.1307783554212101
1,1757.9000596958826,0.26609909136487975,0.13651979685364346
1,1758.775686779535,0.3439550260739832,0.16182909143562776
1,1759.6513138631872,-0.03293320294495139,0.08532945452062429
1,1760.5269409468394,0.5028380879291694,0.11424010696736882
1,1761.4025680304917,0.5383948428655527,0.13737054786910594
1,1762.278195114144,,
1,1763.1538221977962,,
1,1764.0294492814485,,
1,1764.9050763651007,,
1,1765.780703448753,,
1,1766.6563305324053,,
1,1767.5319576160575,,
1,1768.4075846997098,,
1,1769.283211783362,,
1,1770.1588388670143,,
1,1771.0344659506666,,
1,1771.9100930343188,,
1,1772.785720117971,,
1,1773.6613472016234,,
1,1774.5369742852756,,
1,1775.4126013689279,,
1,1776.2882284525801,,
1,1777.1638555362324,,
1,1778.0394826198847,,
1,1778.915109703537,,
1,1779.7907367871892,,
1,1780.6663638708415,,
1,1781.5419909544937,,
1,1782.417618038146,,
1,1783.2932451217982,,
1,1784.1688722054505,,
1,1785.0444992891028,,
1,1785.920126372755,,
1,1786.7957534564073,,
1,1787.6713805400595,,
1,1788.5470076237118,,
1,1789.422634707364,,
1,1790.2982617910163,,
1,1791.1738888746686,,
1,1792.0495159583209,,
1,1792.9251430419731,,
1,1793.8007701256254,,
1,1794.6763972092776,,
1,1795.55202429293,,
1,1796.4276513765822,,
1,1797.3032784602344,,
1,1798.1789055438867,,
1,1799.054532627539,,
1,1799.9301597111912,,
1,1800.8057867948435,,
1,1801.6814138784957,,
1,1802.557040962148,,
1,1803.4326680458003,,
1,1804.3082951294525,,
1,1805.1839222131048,,
1,1806.059549296757,,
1,1806.9351763804093,,
1,1807.8108034640616,,
1,1808.6864305477138,,
1,1809.562057631366,,
1,1810.4376847150183,,
1,1811.3133117986706,,
1,1812.1889388823229,,
1,1813.0645659659751,,
1,1813.9401930496274,,
1,1814.8158201332797,,
1,1815.691447216932,,
1,1816.5670743005842,,
1,1817.4427013842364,,
1,1818.3183284678887,,
1,1819.193955551541,,
1,1820.0695826351932,,
1,1820.9452097188455,,
1,1821.8208368024978,,
1,1822.69646388615,,
1,1823.5720909698023,,
1,1824.4477180534545,,
1,1825.3233451371068,,
1,1826.198972220759,,
1,1827.0745993044113,,
1,1827.9502263880636,,
1,1828.8258534717158,,
1,1829.701480555368,,
1,1830.5771076390204,,
1,1831.4527347226726,,
1,1832.328361806325,,
1,1833.2039888899772,,
1,1834.0796159736294,,
1,1834.9552430572817,,
1,1835.830870140934,,
1,1836.7064972245862,,
1,1837.5821243082385,,
1,1838.4577513918907,,
1,1839.333378475543,,
1,1840.2090055591952,,
1,1841.0846326428475,,
1,1841.9602597264998,,
1,1842.835886810152,,
1,1843.7115138938043,,
1,1844.5871409774566,,
1,1845.4627680611088,,
1,1846.338395144761,,
1,1847.2140222284133,,
1,1848.0896493120656,,
1,1848.9652763957179,,
1,1849.8409034793701,,
1,1850.7165305630224,,
1,1851.5921576466747,,
1,1852.467784730327,,
1,1853.3434118139792,,
1,1854.2190388976314,,
1,1855.0946659812837,,
1,1855.970293064936,,
1,1856.8459201485882,,
1,1857.7215472322405,,
1,1858.5971743158927,,
1,1859.472801399545,,
1,1860.3484284831973,,
1,1861.2240555668495,,
1,1862.0996826505018,,
1,1862.975309734154,,
1,1863.8509368178063,,
1,1864.7265639014586,,
1,1865.6021909851108,,
1,1866.477818068763,,
1,1867.3534451524154,,
1,1868.2290722360676,,
1,1869.1046993197199,,
1,1869.9803264033721,,
1,1870.8559534870244,,
1,1871.7315805706767,,
1,1872.607207654329,,
1,1873.4828347379812,,
1,1874.3584618216335,,
1,1875.2340889052857,,
1,1876.109715988938,,
1,1876.9853430725902,,
1,1877.8609701562425,,
1,1878.7365972398948,,
1,1879.612224323547,,
1,1880.4878514071993,,
1,1881.3634784908515,,
1,1882.2391055745038,,
1,1883.114732658156,,
1,1883.9903597418083,,
1,1884.8659868254606,,
1,1885.7416139091129,,
1,1886.6172409927651,,
1,1887.4928680764174,,
1,1888.3684951600696,,
1,1889.244122243722,,
1,1890.1197493273742,,
1,1890.9953764110264,,
1,1891.8710034946787,,
1,1892.746630578331,,
1,1893.6222576619832,,
1,1894.4978847456355,,
1,1895.3735118292877,,
1,1896.24913891294,,
1,1897.1247659965923,,
1,1898.0003930802445,,
1,1898.8760201638968,,
1,1899.751647247549,,
1,1900.6272743312013,0.187928844946339,0.06858675400061917
1,1901.5029014148536,0.5038757590549725,0.15158069410782257
1,1902.3785284985058,0.2860401031944404,0.10956628440336022
1,1903.254155582158,0.07393884071571488,0.15281090773972314
1,1904.1297826658104,-0.21527382049502108,0.08419717289225373
1,1905.0054097494626,0.3017753848398863,0.0865897194373367
1,1905.8810368331149,0.7171740753412204,0.08849175124712877
1,1906.7566639167671,0.1075436110942185,0.12092752689989587
1,1907.6322910004194,0.5825856661385576,0.13656888799194752
1,1908.5079180840717,0.36020320770768777,0.09004351657242429
1,1909.383545167724,0.40273729305662087,0.12221307044908025
1,1910.2591722513762,0.5776893149156415,0.09023568988873569
1,1911.1347993350284,-0.1606906408526676,0.0825949459397054
1,1912.0104264186807,0.18505802319168652,0.0878449478858084
1,1912.886053502333,,
1,1913.7616805859852,,
1,1914.6373076696375,,
1,1915.5129347532898,0.018108430689611765,0.09532475851200195
1,1916.388561836942,0.3011691845787867,0.082732865970123
1,1917.2641889205943,0.08173306065717423,0.18190666392732865
1,1918.1398160042465,0.03335142530858093,0.16140184333620472
1,1919.0154430878988,0.24439859394309593,0.053895575894521465
1,1919.891070171551,-0.11258264480185076,0.11525123230559498
1,1920.7666972552033,0.8040779793853092,0.07299887337018425
1,1921.6423243388556,-0.005532055719514872,0.12048000203266358
1,1922.5179514225078,0.02045276817774777,0.06460827616778757
1,1923.39357850616,0.4155829761685048,0.07320034528840508
1,1924.2692055898124,0.3521963518540172,0.1307721623884298
1,1925.1448326734646,0.19991122461004984,0.096877908577877
1,1926.020459757117,0.30670806425481256,0.15729091859924677
1,1926.8960868407692,,
1,1927.7717139244214,,
1,1928.6473410080737,,
1,1929.522968091726,0.3724694978044507,0.10087147540715956
1,1930.3985951753782,0.07580828235620451,0.14310716583226363
1,1931.2742222590305,0.14614862071726797,0.11155158346586519
1,1932.1498493426827,0.2615145606633673,0.11875320247160762
1,1933.025476426335,0.3344559307706385,0.07508974298524815
1,1933.9011035099873,0.16027324435452517,0.18483339703853183
1,1934.7767305936395,0.8401848361181408,0.15684646178547124
1,1935.6523576772918,-0.009692286656370896,0.06831072952149428
1,1936.527984760944,0.10669143376029755,0.10050904289973982
1,1937.4036118445963,0.39812051196908005,0.08229257437071368
1,1938.2792389282486,0.23787948999742792,0.10043754390301524
1,1939.1548660119008,0.35699397972799307,0.07401354935231469
1,1940.030493095553,0.4668211934185651,0.09437900299402455
1,1940.9061201792053,,
1,1941.7817472628576,,
1,1942.6573743465099,,
1,1943.5330014301621,,
1,1944.4086285138144,0.1089684080157749,0.06657425047014036
1,1945.2842555974667,0.04948530606019297,0.17350401799896967
1,1946.159882681119,0.4381784390716792,0.1389663036956997
1,1947.0355097647712,0.056162498195178046,0.13611034981849535
1,1947.9111368484234,0.24091495066158597,0.1255687410048905
1,1948.7867639320757,0.11121122201152023,0.09186033180496103
1,1949.662391015728,0.14841870803128376,0.08602427086420683
1,1950.5380180993802,0.21178315537873083,0.06921737241420062
1,1951.4136451830325,0.039870808938191615,0.08796507448801119
1,1952.2892722666847,0.4732528147878279,0.10301365648290588
1,1953.164899350337,0.5449715515092324,0.141409611039767
1,1954.0405264339893,0.3697525506437538,0.06961966285574993
1,1954.9161535176415,,
1,1955.7917806012938,,
1,1956.667407684946,,
1,1957.5430347685983,,
1,1958.4186618522506,,
1,1959.2942889359028,,
1,1960.169916019555,,
1,1961.0455431032074,,
1,1961.9211701868596,,
1,1962.796797270512,,
1,1963.6724243541641,,
1,1964.5480514378164,,
1,1965.4236785214687,,
1,1966.299305605121,,
1,1967.1749326887732,,
1,1968.0505597724255,,
1,1968.9261868560777,,
1,1969.80181393973,,
1,1970.6774410233822,,
1,1971.5530681070345,,
1,1972.4286951906868,,
1,1973.304322274339,,
1,1974.1799493579913,,
1,1975.0555764416436,,
1,1975.9312035252958,,
1,1976.806830608948,,
1,1977.6824576926003,,
1,1978.5580847762526,,
1,1979.4337118599049,,
1,1980.3093389435571,,
1,1981.1849660272094,,
1,1982.0605931108616,,
1,1982.936220194514,,
1,1983.8118472781662,,
1,1984.6874743618184,,
1,1985.5631014454707,,
1,1986.438728529123,,
1,1987.3143556127752,,
1,1988.1899826964275,,
1,1989.0656097800797,,
1,1989.941236863732,,
1,1990.8168639473843,,
1,1991.6924910310365,,
1,1992.5681181146888,,
1,1993.443745198341,,
1,1994.3193722819933,,
1,1995.1949993656456,,
1,1996.0706264492978,,
1,1996.94625353295,,
1,1997.8218806166024,,
1,1998.6975077002546,,
1,1999.5731347839069,,
1,2000.4487618675591,,
1,2001.3243889512114,,
1,2002.2000160348637,,
1,2003.075643118516,,
1,2003.9512702021682,,
1,2004.8268972858205,,
1,2005.7025243694727,,
1,2006.578151453125,,
1,2007.4537785367772,,
1,2008.3294056204295,,
1,2009.2050327040818,,
1,2010.080659787734,,
1,2010.9562868713863,,
1,2011.8319139550385,,
1,2012.7075410386908,,
1,2013.583168122343,,
1,2014.4587952059953,,
1,2015.3344222896476,,
1,2016.2100493732999,,
1,2017.0856764569521,,
1,2017.9613035406044,,
1,2018.8369306242566,,
1,2019.712557707909,,
1,2020.5881847915612,,
1,2021.4638118752134,,
1,2022.3394389588657,,
1,2023.215066042518,,
1,2024.0906931261702,,
1,2024.9663202098225,,
1,2025.8419472934747,,
1,2026.717574377127,,
1,2027.5932014607793,,
1,2028.4688285444315,,
1,2029.3444556280838,,
1,2030.220082711736,,
1,2031.0957097953883,,
1,2031.9713368790406,,
1,2032.8469639626928,,
1,2033.722591046345,,
1,2034.5982181299973,,
1,2035.4738452136496,,
1,2036.3494722973019,,
1,2037.2250993809541,,
1,2038.1007264646064,,
1,2038.9763535482587,,
1,2039.851980631911,,
1,2040.7276077155632,,
1,2041.6032347992154,,
1,2042.4788618828677,,
1,2043.35448896652,,
1,2044.2301160501722,,
1,2045.1057431338245,,
1,2045.9813702174768,,
1,2046.856997301129,,
1,2047.7326243847813,,
1,2048.6082514684335,,
1,2049.483878552086,,
1,2050.3595056357385,,
1,2051.235132719391,,
1,2052.1107598030435,,
1,2052.986386886696,,
1,2053.8620139703485,,
1,2054.737641054001,,
1,2055.6132681376534,,
1,2056.488895221306,,
1,2057.3645223049584,,
1,2058.240149388611,,
1,2059.1157764722634,,
1,2059.991403555916,,
1,2060.8670306395684,,
1,2061.742657723221,,
1,2062.6182848068734,,
1,2063.493911890526,,
1,2064.3695389741783,,
1,2065.245166057831,,
1,2066.1207931414833,,
1,2066.996420225136,,
1,2067.8720473087883,,
1,2068.747674392441,,
1,2069.6233014760933,,
1,2070.4989285597458,,
1,2071.3745556433983,,
1,2072.2501827270507,,
1,2073.1258098107032,,
1,2074.0014368943557,,
1,2074.877063978008,,
1,2075.7526910616607,,
1,2076.628318145313,,
1,2077.5039452289657,,
1,2078.379572312618,,
1,2079.2551993962707,,
1,2080.130826479923,,
1,2081.0064535635756,,
1,2081.882080647228,,
1,2082.7577077308806,,
1,2083.633334814533,,
1,2084.5089618981856,,
1,2085.384588981838,,
1,2086.2602160654906,,
1,2087.135843149143,,
1,2088.0114702327955,,
1,2088.887097316448,,
1,2089.7627244001005,,
1,2090.638351483753,,
1,2091.5139785674055,,
1,2092.389605651058,,
1,2093.2652327347105,,
1,2094.140859818363,,
1,2095.0164869020155,,
1,2095.892113985668,,
1,2096.7677410693204,,
1,2097.643368152973,,
1,2098.5189952366254,,
1,2099.394622320278,,
1,2100.2702494039304,,
1,2101.145876487583,,
1,2102.0215035712354,,
1,2102.897130654888,,
1,2103.7727577385403,,
1,2104.648384822193,,
1,2105.5240119058453,,
1,2106.399638989498,,
1,2107.2752660731503,,
1,2108.150893156803,,
1,2109.0265202404553,,
1,2109.902147324108,,
1,2110.7777744077603,,
1,2111.6534014914128,,
1,2112.5290285750652,,
1,2113.4046556587177,,
1,2114.28028274237,,
1,2115.1559098260227,,
1,2116.031536909675,,
1,2116.9071639933277,,
1,2117.78279107698,,
1,2118.6584181606327,,
1,2119.534045244285,,
1,2120.4096723279376,,
1,2121.28529941159,,
1,2122.1609264952426,,
1,2123.036553578895,,
1,2123.9121806625476,,
1,2124.7878077462,,
1,2125.6634348298526,,
1,2126.539061913505,,
1,2127.4146889971576,,
1,2128.29031608081,,
1,2129.1659431644625,,
1,2130.041570248115,,
1,2130.9171973317675,,
1,2131.79282441542,,
1,2132.6684514990725,,
1,2133.544078582725,,
1,2134.4197056663775,,
1,2135.29533275003,,
1,2136.1709598336824,,
1,2137.046586917335,,
1,2137.9222140009874,,
1,2138.79784108464,,
1,2139.6734681682924,,
1,2140.549095251945,,
1,2141.4247223355974,,
1,2142.30034941925,,
1,2143.1759765029024,,
1,2144.051603586555,,
1,2144.9272306702073,,
1,2145.80285775386,,
1,2146.6784848375123,,
1,2147.554111921165,,
1,2148.4297390048173,,
1,2149.30536608847,,
1,2150.1809931721223,,
1,2151.0566202557748,,
1,2151.9322473394272,,
1,2152.8078744230797,,
1,2153.6835015067322,,
1,2154.5591285903847,,
1,2155.434755674037,,
1,2156.3103827576897,,
1,2157.186009841342,,
1,2158.0616369249947,,
1,2158.937264008647,,
1,2159.8128910922997,,
1,2160.688518175952,,
1,2161.5641452596046,,
1,2162.439772343257,,
1,2163.3153994269096,,
1,2164.191026510562,,
1,2165.0666535942146,,
1,2165.942280677867,,
1,2166.8179077615196,,
1,2167.693534845172,,
1,2168.5691619288245,,
1,2169.444789012477,,
1,2170.3204160961295,,
1,2171.196043179782,,
1,2172.0716702634345,,
1,2172.947297347087,,
1,2173.8229244307395,,
1,2174.698551514392,,
1,2175.5741785980445,,
1,2176.449805681697,,
1,2177.3254327653494,,
1,2178.201059849002,,
1,2179.0766869326544,,
1,2179.952314016307,,
1,2180.8279410999594,,
1,2181.703568183612,,
1,2182.5791952672644,,
1,2183.454822350917,,
1,2184.3304494345693,,
1,2185.206076518222,,
1,2186.0817036018743,,
1,2186.957330685527,,
1,2187.8329577691793,,
1,2188.708584852832,,
1,2189.5842119364843,,
1,2190.4598390201368,,
1,2191.3354661037893,,
1,2192.2110931874417,,
1,2193.0867202710942,,
1,2193.9623473547467,,
1,2194.837974438399,,
1,2195.7136015220517,,
1,2196.589228605704,,
1,2197.4648556893567,,
1,2198.340482773009,,
1,2199.2161098566617,,
1,2200.091736940314,,
1,2200.9673640239666,,
1,2201.842991107619,,
1,2202.7186181912716,,
1,2203.594245274924,,
1,2204.4698723585766,,
1,2205.345499442229,,
1,2206.2211265258816,,
1,2207.096753609534,,
1,2207.9723806931866,,
1,2208.848007776839,,
1,2209.7236348604915,,
1,2210.599261944144,,
1,2211.4748890277965,,
1,2212.350516111449,,
1,2213.2261431951015,,
1,2214.101770278754,,
1,2214.9773973624065,,
1,2215.853024446059,,
1,2216.7286515297114,,
1,2217.604278613364,,
1,2218.4799056970164,,
1,2219.355532780669,,
1,2220.2311598643214,,
1,2221.106786947974,,
1,2221.9824140316264,,
1,2222.858041115279,,
1,2223.7336681989314,,
1,2224.609295282584,,
1,2225.4849223662363,,
1,2226.360549449889,,
1,2227.2361765335413,,
1,2228.111803617194,,
1,2228.9874307008463,,
1,2229.863057784499,,
1,2230.7386848681513,,
1,2231.6143119518038,,
1,2232.4899390354562,,
1,2233.3655661191087,,
1,2234.241193202761,,
1,2235.1168202864137,,
1,2235.992447370066,,
1,2236.8680744537187,,
1,2237.743701537371,,
1,2238.6193286210237,,
1,2239.494955704676,,
1,2240.3705827883286,,
1,2241.246209871981,,
1,2242.1218369556336,,
1,2242.997464039286,,
1,2243.8730911229386,,
1,2244.748718206591,,
1,2245.6243452902436,,
1,2246.499972373896,,
1,2247.3755994575486,,
1,2248.251226541201,,
1,2249.1268536248535,,
1,2250.002480708506,,
1,2250.8781077921585,,
1,2251.753734875811,,
1,2252.6293619594635,,
1,2253.504989043116,,
1,2254.3806161267685,,
1,2255.256243210421,,
1,2256.1318702940735,,
1,2257.007497377726,,
1,2257.8831244613784,,
1,2258.758751545031,,
1,2259.6343786286834,,
1,2260.510005712336,,
1,2261.3856327959884,,
1,2262.261259879641,,
1,2263.1368869632934,,
1,2264.012514046946,,
1,2264.8881411305983,,
1,2265.763768214251,,
1,2266.6393952979033,,
1,2267.515022381556,,
1,2268.3906494652083,,
1,2269.266276548861,,
1,2270.1419036325133,,
1,2271.0175307161658,,
1,2271.8931577998183,,
1,2272.7687848834707,,
1,2273.6444119671232,,
1,2274.5200390507757,,
1,2275.395666134428,,
1,2276.2712932180807,,
1,2277.146920301733,,
1,2278.0225473853857,,
1,2278.898174469038,,
1,2279.7738015526907,,
1,2280.649428636343,,
1,2281.5250557199956,,
1,2282.400682803648,,
1,2283.2763098873006,,
1,2284.151936970953,,
1,2285.0275640546056,,
1,2285.903191138258,,
1,2286.7788182219106,,
1,2287.654445305563,,
1,2288.5300723892155,,
1,2289.405699472868,,
1,2290.2813265565205,,
1,2291.156953640173,,
1,2292.0325807238255,,
1,2292.908207807478,,
1,2293.7838348911305,,
1,2294.659461974783,,
1,2295.5350890584355,,
1,2296.410716142088,,
1,2297.2863432257404,,
1,2298.161970309393,,
1,2299.0375973930454,,
1,2299.913224476698,,
1,2300.7888515603504,,
1,2301.664478644003,,
1,2302.5401057276554,,
1,2303.415732811308,,
1,2304.2913598949604,,
1,2305.166986978613,,
1,2306.0426140622653,,
1,2306.918241145918,,
1,2307.7938682295703,,
1,2308.669495313223,,
1,2309.5451223968753,,
1,2310.420749480528,,
1,2311.2963765641803,,
1,2312.1720036478328,,
1,2313.0476307314852,,
1,2313.9232578151377,,
1,2314.79888489879,,
1,2315.6745119824427,,
1,2316.550139066095,,
1,2317.4257661497477,,
1,2318.3013932334,,
1,2319.1770203170527,,
1,2320.052647400705,,
1,2320.9282744843576,,
1,2321.80390156801,,
1,2322.6795286516626,,
1,2323.555155735315,,
1,2324.4307828189676,,
1,2325.30640990262,,
1,2326.1820369862726,,
1,2327.057664069925,,
1,2327.9332911535776,,
1,2328.80891823723,,
1,2329.6845453208825,,
1,2330.560172404535,,
1,2331.4357994881875,,
1,2332.31142657184,,
1,2333.1870536554925,,
1,2334.062680739145,,
1,2334.9383078227975,,
1,2335.81393490645,,
1,2336.6895619901024,,
1,2337.565189073755,,
1,2338.4408161574074,,
1,2339.31644324106,,
1,2340.1920703247124,,
1,2341.067697408365,,
1,2341.9433244920174,,
1,2342.81895157567,,
1,2343.6945786593224,,
1,2344.570205742975,,
1,2345.4458328266273,,
1,2346.32145991028,,
1,2347.1970869939323,,
1,2348.072714077585,,
1,2348.9483411612373,,
1,2349.82396824489,,
1,2350.6995953285423,,
1,2351.5752224121948,,
1,2352.4508494958473,,
1,2353.3264765794997,,
1,2354.2021036631522,,
1,2355.0777307468047,,
1,2355.953357830457,,
1,2356.8289849141097,,
1,2357.704611997762,,
1,2358.5802390814147,,
1,2359.455866165067,,
1,2360.3314932487197,,
1,2361.207120332372,,
1,2362.0827474160246,,
1,2362.958374499677,,
1,2363.8340015833296,,
1,2364.709628666982,,
1,2365.5852557506346,,
1,2366.460882834287,,
1,2367.3365099179396,,
1,2368.212137001592,,
1,2369.0877640852445,,
1,2369.963391168897,,
1,2370.8390182525495,,
1,2371.714645336202,,
1,2372.5902724198545,,
1,2373.465899503507,,
1,2374.3415265871595,,
1,2375.217153670812,,
1,2376.0927807544645,,
1,2376.968407838117,,
1,2377.8440349217694,,
1,2378.719662005422,,
1,2379.5952890890744,,
1,2380.470916172727,,
1,2381.3465432563794,,
1,2382.222170340032,,
1,2383.0977974236844,,
1,2383.973424507337,,
1,2384.8490515909893,,
1,2385.724678674642,,
1,2386.6003057582943,,
1,2387.475932841947,,
1,2388.3515599255993,,
1,2389.227187009252,,
1,2390.1028140929043,,
1,2390.9784411765568,,
1,2391.8540682602093,,
1,2392.7296953438617,,
1,2393.6053224275142,,
1,2394.4809495111667,,
1,2395.356576594819,,
1,2396.2322036784717,,
1,2397.107830762124,,
1,2397.9834578457767,,
1,2398.859084929429,,
1,2399.7347120130817,,
1,2400.610339096734,,
1,2401.4859661803866,,
1,2402.361593264039,,
1,2403.2372203476916,,
1,2404.112847431344,,
1,2404.9884745149966,,
1,2405.864101598649,,
1,2406.7397286823016,,
1,2407.615355765954,,
1,2408.4909828496066,,
1,2409.366609933259,,
1,2410.2422370169115,,
1,2411.117864100564,,
1,2411.9934911842165,,
1,2412.869118267869,,
1,2413.7447453515215,,
1,2414.620372435174,,
1,2415.4959995188265,,
1,2416.371626602479,,
1,2417.2472536861314,,
1,2418.122880769784,,
1,2418.9985078534364,,
1,2419.874134937089,,
1,2420.7497620207414,,
1,2421.625389104394,,
1,2422.5010161880464,,
1,2423.376643271699,,
1,2424.2522703553514,,
1,2425.127897439004,,
1,2426.0035245226563,,
1,2426.879151606309,,
1,2427.7547786899613,,
1,2428.630405773614,,
1,2429.5060328572663,,
1,2430.381659940919,,
1,2431.2572870245713,,
1,2432.1329141082238,,
1,2433.0085411918762,,
1,2433.8841682755287,,
1,2434.759795359181,,
1,2435.6354224428337,,
1,2436.511049526486,,
1,2437.3866766101387,,
1,2438.262303693791,,
1,2439.1379307774437,,
1,2440.013557861096,,
1,2440.8891849447486,,
1,2441.764812028401,,
1,2442.6404391120536,,
1,2443.516066195706,,
1,2444.3916932793586,,
1,2445.267320363011,,
1,2446.1429474466636,,
1,2447.018574530316,,
1,2447.8942016139686,,
1,2448.769828697621,,
1,2449.6454557812735,,
1,2450.521082864926,,
1,2451.3967099485785,,
1,2452.272337032231,,
1,2453.1479641158835,,
1,2454.023591199536,,
1,2454.8992182831885,,
1,2455.774845366841,,
1,2456.6504724504935,,
1,2457.526099534146,,
1,2458.4017266177984,,
1,2459.277353701451,,
1,2460.1529807851034,,
1,2461.028607868756,,
1,2461.9042349524084,,
1,2462.779862036061,,
1,2463.6554891197134,,
1,2464.531116203366,,
1,2465.4067432870183,,
1,2466.282370370671,,
1,2467.1579974543233,,
1,2468.033624537976,,
1,2468.9092516216283,,
1,2469.784878705281,,
1,2470.6605057889333,,
1,2471.5361328725858,,
1,2472.4117599562383,,
1,2473.2873870398907,,
1,2474.1630141235432,,
1,2475.0386412071957,,
1,2475.914268290848,,
1,2476.7898953745007,,
1,2477.665522458153,,
1,2478.5411495418057,,
1,2479.416776625458,,
1,2480.2924037091107,,
1,2481.168030792763,,
1,2482.0436578764156,,
1,2482.919284960068,,
1,2483.7949120437206,,
1,2484.670539127373,,
1,2485.5461662110256,,
1,2486.421793294678,,
1,2487.2974203783306,,
1,2488.173047461983,,
1,2489.0486745456355,,
1,2489.924301629288,,
1,2490.7999287129405,,
1,2491.675555796593,,
1,2492.5511828802455,,
1,2493.426809963898,,
1,2494.3024370475505,,
1,2495.178064131203,,
1,2496.0536912148555,,
1,2496.929318298508,,
1,2497.8049453821604,,
1,2498.680572465813,,
1,2499.5561995494654,,
1,2500.431826633118,,
1,2501.3074537167704,,
1,2502.183080800423,,
1,2503.0587078840754,,
1,2503.934334967728,,
1,2504.8099620513804,,
1,2505.685589135033,,
1,2506.5612162186853,,
1,2507.436843302338,,
1,2508.3124703859903,,
1,2509.188097469643,,
1,2510.0637245532953,,
1,2510.939351636948,,
1,2511.8149787206003,,
1,2512.6906058042528,,
1,2513.5662328879052,,
1,2514.4418599715577,,
1,2515.31748705521,,
1,2516.1931141388627,,
1,2517.068741222515,,
1,2517.9443683061677,,
1,2518.81999538982,,
1,2519.6956224734727,,
1,2520.571249557125,,
1,2521.4468766407776,,
1,2522.32250372443,,
1,2523.1981308080826,,
1,2524.073757891735,,
1,2524.9493849753876,,
1,2525.82501205904,,
1,2526.7006391426926,,
1,2527.576266226345,,
1,2528.4518933099976,,
1,2529.32752039365,,
1,2530.2031474773025,,
1,2531.078774560955,,
1,2531.9544016446075,,
1,2532.83002872826,,
1,2533.7056558119125,,
1,2534.581282895565,,
1,2535.4569099792175,,
1,2536.33253706287,,
1,2537.2081641465224,,
1,2538.083791230175,,
1,2538.9594183138274,,
1,2539.83504539748,,
1,2540.7106724811324,,
1,2541.586299564785,,
1,2542.4619266484374,,
1,2543.33755373209,,
1,2544.2131808157424,,
1,2545.088807899395,,
1,2545.9644349830473,,
1,2546.8400620667,,
1,2547.7156891503523,,
1,2548.591316234005,,
1,2549.4669433176573,,
1,2550.34257040131,,
1,2551.2181974849623,,
1,2552.0938245686148,,
1,2552.9694516522673,,
1,2553.8450787359197,,
1,2554.7207058195722,,
1,2555.5963329032247,,
1,2556.471959986877,,
1,2557.3475870705297,,
1,2558.223214154182,,
1,2559.0988412378347,,
1,2559.974468321487,,
1,2560.8500954051397,,
1,2561.725722488792,,
1,2562.6013495724446,,
1,2563.476976656097,,
1,2564.3526037397496,,
1,2565.228230823402,,
1,2566.1038579070546,,
1,2566.979484990707,,
1,2567.8551120743596,,
1,2568.730739158012,,
1,2569.6063662416645,,
1,2570.481993325317,,
1,2571.3576204089695,,
1,2572.233247492622,,
1,2573.1088745762745,,
1,2573.984501659927,,
1,2574.8601287435795,,
1,2575.735755827232,,
1,2576.6113829108845,,
1,2577.487009994537,,
1,2578.3626370781894,,
1,2579.238264161842,,
1,2580.1138912454944,,
1,2580.989518329147,,
1,2581.8651454127994,,
1,2582.740772496452,,
1,2583.6163995801044,,
1,2584.492026663757,,
1,2585.3676537474093,,
1,2586.243280831062,,
1,2587.1189079147143,,
1,2587.994534998367,,
1,2588.8701620820193,,
1,2589.745789165672,,
1,2590.6214162493243,,
1,2591.497043332977,,
1,2592.3726704166293,,
1,2593.2482975002818,,
1,2594.1239245839342,,
1,2594.9995516675867,,
1,2595.875178751239,,
1,2596.7508058348917,,
1,2597.626432918544,,
1,2598.5020600021967,,
1,2599.377687085849,,
1,2600.2533141695017,,
1,2601.128941253154,,
1,2602.0045683368066,,
1,2602.880195420459,,
1,2603.7558225041116,,
1,2604.631449587764,,
1,2605.5070766714166,,
1,2606.382703755069,,
1,2607.2583308387216,,
1,2608.133957922374,,
1,2609.0095850060266,,
1,2609.885212089679,,
1,2610.7608391733315,,
1,2611.636466256984,,
1,2612.5120933406365,,
1,2613.387720424289,,
1,2614.2633475079415,,
1,2615.138974591594,,
1,2616.0146016752465,,
1,2616.890228758899,,
1,2617.7658558425514,,
1,2618.641482926204,,
1,2619.5171100098564,,
1,2620.392737093509,,
1,2621.2683641771614,,
1,2622.143991260814,,
1,2623.0196183444664,,
1,2623.895245428119,,
1,2624.7708725117714,,
1,2625.646499595424,,
1,2626.5221266790763,,
1,2627.397753762729,,
1,2628.2733808463813,,
1,2629.149007930034,,
1,2630.0246350136863,,
1,2630.900262097339,,
1,2631.7758891809913,,
1,2632.6515162646438,,
1,2633.5271433482962,,
1,2634.4027704319487,,
1,2635.2783975156012,,
1,2636.1540245992537,,
1,2637.029651682906,,
1,2637.9052787665587,,
1,2638.780905850211,,
1,2639.6565329338637,,
1,2640.532160017516,-0.1466391894431318,0.09425249129657921
1,2641.4077871011687,-0.272298606967869,0.15666677291052003
1,2642.283414184821,0.22332157995719193,0.09555504349294594
1,2643.1590412684736,0.10003548258130657,0.10878479166173284
1,2644.034668352126,0.6207586923483444,0.10374429293126539
1,2644.9102954357786,0.19611853897960607,0.1451213811966745
1,2645.785922519431,0.5586199049024687,0.12167718877159879
1,2646.6615496030836,0.2956419293644874,0.09201082330216381
1,2647.537176686736,0.03948818198784565,0.06396678198268592
1,2648.4128037703886,0.4955357748526179,0.09667957628059054
1,2649.288430854041,0.4372026230730075,0.1274418055915197
1,2650.1640579376935,0.011627528565427703,0.14227406604015533
1,2651.039685021346,,
1,2651.9153121049985,,
1,2652.790939188651,,
1,2653.6665662723035,,
1,2654.542193355956,,
1,2655.4178204396085,0.5327920269065922,0.08285006557661721
1,2656.293447523261,0.6361882391772156,0.0994449358602868
1,2657.1690746069135,-0.24348695833387168,0.11706642338760634
1,2658.044701690566,0.3557973525994962,0.08425876137041438
1,2658.9203287742184,-0.10132079919067394,0.12278059155236866
1,2659.795955857871,0.5615522225825842,0.08770858736066618
1,2660.6715829415234,0.5321555483257523,0.07857289029541703
1,2661.547210025176,0.6088006835398563,0.08612975308067392
1,2662.4228371088284,0.4692411983175937,0.05472075651516551
1,2663.298464192481,-0.009683442725672009,0.10025016066741768
1,2664.1740912761334,0.14793824663428268,0.09261227929515575
1,2665.049718359786,,
1,2665.9253454434383,,
1,2666.800972527091,,
1,2667.6765996107433,,
1,2668.552226694396,,
1,2669.4278537780483,0.31384037391957165,0.11100225059267656
1,2670.303480861701,0.18362256440651592,0.08911636040990302
1,2671.1791079453533,0.0371630650946031,0.07303764042899608
1,2672.0547350290058,,
1,2672.9303621126583,0.45226700188649716,0.10055733535771566
1,2673.8059891963107,0.053741025879294746,0.10195450976733654
1,2674.6816162799632,-0.09481256484056289,0.0787911227725913
1,2675.5572433636157,0.05860611653030201,0.09345765555869971
1,2676.432870447268,0.1568027036482622,0.09192681409796584
1,2677.3084975309207,0.38903256505296024,0.10067411539895778
1,2678.184124614573,0.2834148717142382,0.10274255024035646
1,2679.0597516982257,,
1,2679.935378781878,,
1,2680.8110058655307,,
1,2681.686632949183,,
1,2682.5622600328356,,
1,2683.437887116488,0.05530877748638474,0.13163601528699492
1,2684.3135142001406,0.18251498286614432,0.09380706726512394
1,2685.189141283793,0.5372834407927352,0.10057424277545826
1,2686.0647683674456,0.039196916778116986,0.10476781146194633
1,2686.940395451098,-0.19922318452159082,0.12323663187340152
1,2687.8160225347506,0.5854734690424745,0.14240642135141382
1,2688.691649618403,0.22354521335365973,0.07570273642478113
1,2689.5672767020556,0.04302016356616534,0.06934340716277552
1,2690.442903785708,0.16912606134977803,0.10434604879448503
1,2691.3185308693605,0.18901928816417168,0.13964004239336972
2,1739.0734548785279,0.3947351607902494,0.10055074879972047
2,1739.9490819621801,0.46379595286516473,0.08730054274214744
2,1740.8247090458324,0.6732907170108327,0.09651158215203523
2,1741.7003361294846,0.22074743017153065,0.10831080907017318
2,1742.575963213137,0.20978460892184803,0.11903928584501229
2,1743.4515902967892,0.3385277326067859,0.08196395333086035
2,1744.3272173804414,0.2621953061483495,0.0909881655227789
2,1745.2028444640937,0.22162645604084652,0.10461035182900703
2,1746.078471547746,-0.13652984203793572,0.09368549070082745
2,1746.9540986313982,0.257304830366456,0.07989313772744101
2,1747.8297257150505,0.22563348244508674,0.15712131369940832
2,1748.7053527987027,,
2,1749.580979882355,,
2,1750.4566069660073,,
2,1751.3322340496595,,
2,1752.2078611333118,0.015664018480521236,0.10220709704090564
2,1753.083488216964,0.41206869226839693,0.11413676935066025
2,1753.9591153006163,0.5429175495217375,0.10357289707686095
2,1754.8347423842686,0.7835070498282137,0.11460303469989971
2,1755.7103694679208,0.2845481619055956,0.08880853407809436
2,1756.585996551573,0.3018093264613997,0.10997372478530197
2,1757.4616236352254,0.218990325523305,0.04044891207201168
2,1758.3372507188776,0.20106429536836945,0.09468566735029113
2,1759.2128778025299,0.21701671459728455,0.14595231779060908
2,1760.0885048861821,0.4797170004141593,0.10020789889943017
2,1760.9641319698344,-0.07598457840596318,0.1499287948092751
2,1761.8397590534867,,
2,1762.715386137139,,
2,1763.5910132207912,,
2,1764.4666403044434,,
2,1765.3422673880957,,
2,1766.217894471748,,
2,1767.0935215554002,,
2,1767.9691486390525,,
2,1768.8447757227048,,
2,1769.720402806357,,
2,1770.5960298900093,,
2,1771.4716569736615,,
2,1772.3472840573138,,
2,1773.222911140966,,
2,1774.0985382246183,,
2,1774.9741653082706,,
2,1775.8497923919228,,
2,1776.725419475575,,
2,1777.6010465592274,,
2,1778.4766736428796,,
2,1779.352300726532,,
2,1780.2279278101842,,
2,1781.1035548938364,,
2,1781.9791819774887,,
2,1782.854809061141,,
2,1783.7304361447932,,
2,1784.6060632284455,,
2,1785.4816903120977,,
2,1786.35731739575,,
2,1787.2329444794022,,
2,1788.1085715630545,,
2,1788.9841986467068,,
2,1789.859825730359,,
2,1790.7354528140113,,
2,1791.6110798976636,,
2,1792.4867069813158,,
2,1793.362334064968,,
2,1794.2379611486203,,
2,1795.1135882322726,,
2,1795.9892153159249,,
2,1796.8648423995771,,
2,1797.7404694832294,,
2,1798.6160965668817,,
2,1799.491723650534,,
2,1800.3673507341862,,
2,1801.2429778178384,,
2,1802.1186049014907,,
2,1802.994231985143,,
2,1803.8698590687952,,
2,1804.7454861524475,,
2,1805.6211132360997,,
2,1806.496740319752,,
2,1807.3723674034043,,
2,1808.2479944870565,,
2,1809.1236215707088,,
2,1809.999248654361,,
2,1810.8748757380133,,
2,1811.7505028216656,,
2,1812.6261299053178,,
2,1813.50175698897,,
2,1814.3773840726224,,
2,1815.2530111562746,,
2,1816.1286382399269,,
2,1817.0042653235791,,
2,1817.8798924072314,,
2,1818.7555194908837,,
2,1819.631146574536,,
2,1820.5067736581882,,
2,1821.3824007418405,,
2,1822.2580278254927,,
2,1823.133654909145,,
2,1824.0092819927972,,
2,1824.8849090764495,,
2,1825.7605361601018,,
2,1826.636163243754,,
2,1827.5117903274063,,
2,1828.3874174110585,,
2,1829.2630444947108,,
2,1830.138671578363,,
2,1831.0142986620153,,
2,1831.8899257456676,,
2,1832.7655528293199,,
2,1833.6411799129721,,
2,1834.5168069966244,,
2,1835.3924340802766,,
2,1836.268061163929,,
2,1837.1436882475812,,
2,1838.0193153312334,,
2,1838.8949424148857,,
2,1839.770569498538,,
2,1840.6461965821902,,
2,1841.5218236658425,,
2,1842.3974507494947,,
2,1843.273077833147,,
2,1844.1487049167993,,
2,1845.0243320004515,,
2,1845.8999590841038,,
2,1846.775586167756,,
2,1847.6512132514083,,
2,1848.5268403350606,,
2,1849.4024674187128,,
2,1850.278094502365,,
2,1851.1537215860174,,
2,1852.0293486696696,,
2,1852.9049757533219,,
2,1853.7806028369741,,
2,1854.6562299206264,,
2,1855.5318570042787,,
2,1856.407484087931,,
2,1857.2831111715832,,
2,1858.1587382552354,,
2,1859.0343653388877,,
2,1859.90999242254,,
2,1860.7856195061922,,
2,1861.6612465898445,,
2,1862.5368736734968,,
2,1863.412500757149,,
2,1864.2881278408013,,
2,1865.1637549244535,,
2,1866.0393820081058,,
2,1866.915009091758,,
2,1867.7906361754103,,
2,1868.6662632590626,,
2,1869.5418903427149,,
2,1870.417517426367,,
2,1871.2931445100194,,
2,1872.1687715936716,,
2,1873.044398677324,,
2,1873.9200257609762,,
2,1874.7956528446284,,
2,1875.6712799282807,,
2,1876.546907011933,,
2,1877.4225340955852,,
2,1878.2981611792375,,
2,1879.1737882628897,,
2,1880.049415346542,,
2,1880.9250424301943,,
2,1881.8006695138465,,
2,1882.6762965974988,,
2,1883.551923681151,,
2,1884.4275507648033,,
2,1885.3031778484556,,
2,1886.1788049321078,,
2,1887.05443201576,,
2,1887.9300590994123,,
2,1888.8056861830646,,
2,1889.6813132667169,,
2,1890.5569403503691,,
2,1891.4325674340214,,
2,1892.3081945176737,,
2,1893.183821601326,,
2,1894.0594486849782,,
2,1894.9350757686304,,
2,1895.8107028522827,,
2,1896.686329935935,,
2,1897.5619570195872,,
2,1898.4375841032395,,
2,1899.3132111868917,,
2,1900.188838270544,0.17690138924475463,0.08822363129274541
2,1901.0644653541963,-0.057776706640311204,0.12359924636084389
2,1901.9400924378485,0.04526007088323514,0.055284730430620564
2,1902.8157195215008,0.31046143861834796,0.07485663566537508
2,1903.691346605153,0.5058518336040763,0.09152965854462705
2,1904.5669736888053,-0.2657829375500853,0.07965840676993931
2,1905.4426007724576,0.49457773700223306,0.13307526724684668
2,1906.3182278561098,-0.2167829030983448,0.10158721463045337
2,1907.193854939762,0.26616042596439016,0.1156186206113611
2,1908.0694820234144,0.2322961851527472,0.06087532654706357
2,1908.9451091070666,0.35186400486320046,0.14806027599323973
2,1909.820736190719,-0.02695445513567485,0.11798032064076956
2,1910.6963632743712,-0.031629899863938604,0.11518390386117407
2,1911.5719903580234,0.017495127806799182,0.1134767292583202
2,1912.4476174416757,0.3980737291497949,0.09724329706172255
2,1913.323244525328,,
2,1914.1988716089802,,
2,1915.0744986926325,0.7918569074778503,0.15618487706459586
2,1915.9501257762847,0.09111596971533853,0.0956371242432731
2,1916.825752859937,0.005932996995583473,0.10205554758986662
2,1917.7013799435892,0.6571902248672101,0.0989799508116226
2,1918.5770070272415,0.023634725177856808,0.09325557605620859
2,1919.4526341108938,0.12459717091761746,0.09516109380137616
2,1920.328261194546,0.3572725889572359,0.11591530655330615
2,1921.2038882781983,0.40436195589999,0.08214429515727924
2,1922.0795153618506,0.41746907466544414,0.07031258062472642
2,1922.9551424455028,0.8869727125581095,0.13224885162781833
2,1923.830769529155,-0.04602080472548842,0.07896775009671018
2,1924.7063966128073,0.24178047069789432,0.11575017194051153
2,1925.5820236964596,0.1194332330562986,0.08428105485062154
2,1926.4576507801119,0.45913743323233724,0.143529575001038
2,1927.3332778637641,,
2,1928.2089049474164,,
2,1929.0845320310686,,
2,1929.960159114721,0.04496467349957012,0.1542452260304892
2,1930.8357861983732,0.0932379260937255,0.06975695770120864
2,1931.7114132820254,0.40553598962034254,0.14430198334680833
2,1932.5870403656777,0.1607130164065218,0.11671105397583102
2,1933.46266744933,0.8580722613749092,0.09725333812094833
2,1934.3382945329822,0.4428257569101257,0.14692100069764485
2,1935.2139216166345,0.30046207936629266,0.09507067547478817
2,1936.0895487002867,0.07557231648891438,0.14229858675741597
2,1936.965175783939,0.379269971303553,0.09159101145867288
2,1937.8408028675913,0.420524829990665,0.10436599934470454
2,1938.7164299512435,0.4884972510522667,0.11288069984514848
2,1939.5920570348958,0.15409991869763662,0.08323221181255974
2,1940.467684118548,0.5395172570251683,0.1124783139096213
2,1941.3433112022003,,
2,1942.2189382858526,,
2,1943.0945653695048,,
2,1943.970192453157,0.08451547539600757,0.08408123195673205
2,1944.8458195368094,0.28519399411464086,0.1297107452985379
2,1945.7214466204616,0.3167013806445462,0.05986183998175667
2,1946.5970737041139,0.397183079632879,0.14296295897608724
2,1947.4727007877661,0.19428653624864456,0.07298160817850552
2,1948.3483278714184,0.3673535282713303,0.16045224882488998
2,1949.2239549550707,-0.09448185451299551,0.10635852757673687
2,1950.099582038723,,
2,1950.9752091223752,0.27268531025814724,0.1381038957611471
2,1951.8508362060275,-0.017643652645560337,0.14547113382242743
2,1952.7264632896797,0.1681071263248679,0.08119573443217928
2,1953.602090373332,0.03294044367330162,0.0850140639048285
2,1954.4777174569842,0.4672648667920498,0.07862175307779153
2,1955.3533445406365,,
2,1956.2289716242888,,
2,1957.104598707941,,
2,1957.9802257915933,,
2,1958.8558528752455,,
2,1959.7314799588978,,
2,1960.60710704255,,
2,1961.4827341262023,,
2,1962.3583612098546,,
2,1963.2339882935069,,
2,1964.1096153771591,,
2,1964.9852424608114,,
2,1965.8608695444636,,
2,1966.736496628116,,
2,1967.6121237117682,,
2,1968.4877507954204,,
2,1969.3633778790727,,
2,1970.239004962725,,
2,1971.1146320463772,,
2,1971.9902591300295,,
2,1972.8658862136817,,
2,1973.741513297334,,
2,1974.6171403809863,,
2,1975.4927674646385,,
2,1976.3683945482908,,
2,1977.244021631943,,
2,1978.1196487155953,,
2,1978.9952757992476,,
2,1979.8709028828998,,
2,1980.746529966552,,
2,1981.6221570502044,,
2,1982.4977841338566,,
2,1983.3734112175089,,
2,1984.2490383011611,,
2,1985.1246653848134,,
2,1986.0002924684657,,
2,1986.875919552118,,
2,1987.7515466357702,,
2,1988.6271737194224,,
2,1989.5028008030747,,
2,1990.378427886727,,
2,1991.2540549703792,,
2,1992.1296820540315,,
2,1993.0053091376838,,
2,1993.880936221336,,
2,1994.7565633049883,,
2,1995.6321903886405,,
2,1996.5078174722928,,
2,1997.383444555945,,
2,1998.2590716395973,,
2,1999.1346987232496,,
2,2000.0103258069018,,
2,2000.885952890554,,
2,2001.7615799742064,,
2,2002.6372070578586,,
2,2003.512834141511,,
2,2004.3884612251632,,
2,2005.2640883088154,,
2,2006.1397153924677,,
2,2007.01534247612,,
2,2007.8909695597722,,
2,2008.7665966434245,,
2,2009.6422237270767,,
2,2010.517850810729,,
2,2011.3934778943812,,
2,2012.2691049780335,,
2,2013.1447320616858,,
2,2014.020359145338,,
2,2014.8959862289903,,
2,2015.7716133126426,,
2,2016.6472403962948,,
2,2017.522867479947,,
2,2018.3984945635993,,
2,2019.2741216472516,,
2,2020.1497487309039,,
2,2021.0253758145561,,
2,2021.9010028982084,,
2,2022.7766299818607,,
2,2023.652257065513,,
2,2024.5278841491652,,
2,2025.4035112328174,,
2,2026.2791383164697,,
2,2027.154765400122,,
2,2028.0303924837742,,
2,2028.9060195674265,,
2,2029.7816466510787,,
2,2030.657273734731,,
2,2031.5329008183833,,
2,2032.4085279020355,,
2,2033.2841549856878,,
2,2034.15978206934,,
2,2035.0354091529923,,
2,2035.9110362366446,,
2,2036.7866633202968,,
2,2037.662290403949,,
2,2038.5379174876014,,
2,2039.4135445712536,,
2,2040.2891716549059,,
2,2041.1647987385581,,
2,2042.0404258222104,,
2,2042.9160529058627,,
2,2043.791679989515,,
2,2044.6673070731672,,
2,2045.5429341568195,,
2,2046.4185612404717,,
2,2047.294188324124,,
2,2048.1698154077762,,
2,2049.0454424914287,,
2,2049.921069575081,,
2,2050.7966966587337,,
2,2051.672323742386,,
2,2052.5479508260387,,
2,2053.423577909691,,
2,2054.2992049933437,,
2,2055.174832076996,,
2,2056.0504591606486,,
2,2056.926086244301,,
2,2057.8017133279536,,
2,2058.677340411606,,
2,2059.5529674952586,,
2,2060.428594578911,,
2,2061.3042216625636,,
2,2062.179848746216,,
2,2063.0554758298686,,
2,2063.931102913521,,
2,2064.8067299971735,,
2,2065.682357080826,,
2,2066.5579841644785,,
2,2067.433611248131,,
2,2068.3092383317835,,
2,2069.184865415436,,
2,2070.0604924990885,,
2,2070.936119582741,,
2,2071.8117466663934,,
2,2072.687373750046,,
2,2073.5630008336984,,
2,2074.438627917351,,
2,2075.3142550010034,,
2,2076.189882084656,,
2,2077.0655091683084,,
2,2077.941136251961,,
2,2078.8167633356134,,
2,2079.692390419266,,
2,2080.5680175029183,,
2,2081.443644586571,,
2,2082.3192716702233,,
2,2083.194898753876,,
2,2084.0705258375283,,
2,2084.946152921181,,
2,2085.8217800048333,,
2,2086.6974070884858,,
2,2087.5730341721383,,
2,2088.4486612557907,,
2,2089.3242883394432,,
2,2090.1999154230957,,
2,2091.075542506748,,
2,2091.9511695904007,,
2,2092.826796674053,,
2,2093.7024237577057,,
2,2094.578050841358,,
2,2095.4536779250107,,
2,2096.329305008663,,
2,2097.2049320923156,,
2,2098.080559175968,,
2,2098.9561862596206,,
2,2099.831813343273,,
2,2100.7074404269256,,
2,2101.583067510578,,
2,2102.4586945942306,,
2,2103.334321677883,,
2,2104.2099487615355,,
2,2105.085575845188,,
2,2105.9612029288405,,
2,2106.836830012493,,
2,2107.7124570961455,,
2,2108.588084179798,,
2,2109.4637112634505,,
2,2110.339338347103,,
2,2111.2149654307555,,
2,2112.090592514408,,
2,2112.9662195980604,,
2,2113.841846681713,,
2,2114.7174737653654,,
2,2115.593100849018,,
2,2116.4687279326704,,
2,2117.344355016323,,
2,2118.2199820999754,,
2,2119.095609183628,,
2,2119.9712362672803,,
2,2120.846863350933,,
2,2121.7224904345853,,
2,2122.598117518238,,
2,2123.4737446018903,,
2,2124.349371685543,,
2,2125.2249987691953,,
2,2126.1006258528478,,
2,2126.9762529365003,,
2,2127.8518800201527,,
2,2128.7275071038052,,
2,2129.6031341874577,,
2,2130.47876127111,,
2,2131.3543883547627,,
2,2132.230015438415,,
2,2133.1056425220677,,
2,2133.98126960572,,
2,2134.8568966893727,,
2,2135.732523773025,,
2,2136.6081508566776,,
2,2137.48377794033,,
2,2138.3594050239826,,
2,2139.235032107635,,
2,2140.1106591912876,,
2,2140.98628627494,,
2,2141.8619133585926,,
2,2142.737540442245,,
2,2143.6131675258976,,
2,2144.48879460955,,
2,2145.3644216932025,,
2,2146.240048776855,,
2,2147.1156758605075,,
2,2147.99130294416,,
2,2148.8669300278125,,
2,2149.742557111465,,
2,2150.6181841951175,,
2,2151.49381127877,,
2,2152.3694383624224,,
2,2153.245065446075,,
2,2154.1206925297274,,
2,2154.99631961338,,
2,2155.8719466970324,,
2,2156.747573780685,,
2,2157.6232008643374,,
2,2158.49882794799,,
2,2159.3744550316424,,
2,2160.250082115295,,
2,2161.1257091989473,,
2,2162.0013362826,,
2,2162.8769633662523,,
2,2163.752590449905,,
2,2164.6282175335573,,
2,2165.50384461721,,
2,2166.3794717008623,,
2,2167.2550987845148,,
2,2168.1307258681672,,
2,2169.0063529518197,,
2,2169.881980035472,,
2,2170.7576071191247,,
2,2171.633234202777,,
2,2172.5088612864297,,
2,2173.384488370082,,
2,2174.2601154537347,,
2,2175.135742537387,,
2,2176.0113696210396,,
2,2176.886996704692,,
2,2177.7626237883446,,
2,2178.638250871997,,
2,2179.5138779556496,,
2,2180.389505039302,,
2,2181.2651321229546,,
2,2182.140759206607,,
2,2183.0163862902596,,
2,2183.892013373912,,
2,2184.7676404575645,,
2,2185.643267541217,,
2,2186.5188946248695,,
2,2187.394521708522,,
2,2188.2701487921745,,
2,2189.145775875827,,
2,2190.0214029594795,,
2,2190.897030043132,,
2,2191.7726571267845,,
2,2192.648284210437,,
2,2193.5239112940894,,
2,2194.399538377742,,
2,2195.2751654613944,,
2,2196.150792545047,,
2,2197.0264196286994,,
2,2197.902046712352,,
2,2198.7776737960044,,
2,2199.653300879657,,
2,2200.5289279633093,,
2,2201.404555046962,,
2,2202.2801821306143,,
2,2203.155809214267,,
2,2204.0314362979193,,
2,2204.907063381572,,
2,2205.7826904652243,,
2,2206.6583175488768,,
2,2207.5339446325293,,
2,2208.4095717161817,,
2,2209.2851987998342,,
2,2210.1608258834867,,
2,2211.036452967139,,
2,2211.9120800507917,,
2,2212.787707134444,,
2,2213.6633342180967,,
2,2214.538961301749,,
2,2215.4145883854017,,
2,2216.290215469054,,
2,2217.1658425527066,,
2,2218.041469636359,,
2,2218.9170967200116,,
2,2219.792723803664,,
2,2220.6683508873166,,
2,2221.543977970969,,
2,2222.4196050546216,,
2,2223.295232138274,,
2,2224.1708592219265,,
2,2225.046486305579,,
2,2225.9221133892315,,
2,2226.797740472884,,
2,2227.6733675565365,,
2,2228.548994640189,,
2,2229.4246217238415,,
2,2230.300248807494,,
2,2231.1758758911465,,
2,2232.051502974799,,
2,2232.9271300584514,,
2,2233.802757142104,,
2,2234.6783842257564,,
2,2235.554011309409,,
2,2236.4296383930614,,
2,2237.305265476714,,
2,2238.1808925603664,,
2,2239.056519644019,,
2,2239.9321467276714,,
2,2240.807773811324,,
2,2241.6834008949763,,
2,2242.559027978629,,
2,2243.4346550622813,,
2,2244.310282145934,,
2,2245.1859092295863,,
2,2246.061536313239,,
2,2246.9371633968913,,
2,2247.8127904805438,,
2,2248.6884175641962,,
2,2249.5640446478487,,
2,2250.439671731501,,
2,2251.3152988151537,,
2,2252.190925898806,,
2,2253.0665529824587,,
2,2253.942180066111,,
2,2254.8178071497637,,
2,2255.693434233416,,
2,2256.5690613170686,,
2,2257.444688400721,,
2,2258.3203154843736,,
2,2259.195942568026,,
2,2260.0715696516786,,
2,2260.947196735331,,
2,2261.8228238189836,,
2,2262.698450902636,,
2,2263.5740779862886,,
2,2264.449705069941,,
2,2265.3253321535935,,
2,2266.200959237246,,
2,2267.0765863208985,,
2,2267.952213404551,,
2,2268.8278404882035,,
2,2269.703467571856,,
2,2270.5790946555085,,
2,2271.454721739161,,
2,2272.3303488228134,,
2,2273.205975906466,,
2,2274.0816029901184,,
2,2274.957230073771,,
2,2275.8328571574234,,
2,2276.708484241076,,
2,2277.5841113247284,,
2,2278.459738408381,,
2,2279.3353654920334,,
2,2280.210992575686,,
2,2281.0866196593383,,
2,2281.962246742991,,
2,2282.8378738266433,,
2,2283.713500910296,,
2,2284.5891279939483,,
2,2285.464755077601,,
2,2286.3403821612533,,
2,2287.2160092449058,,
2,2288.0916363285583,,
2,2288.9672634122107,,
2,2289.8428904958632,,
2,2290.7185175795157,,
2,2291.594144663168,,
2,2292.4697717468207,,
2,2293.345398830473,,
2,2294.2210259141257,,
2,2295.096652997778,,
2,2295.9722800814307,,
2,2296.847907165083,,
2,2297.7235342487356,,
2,2298.599161332388,,
2,2299.4747884160406,,
2,2300.350415499693,,
2,2301.2260425833456,,
2,2302.101669666998,,
2,2302.9772967506506,,
2,2303.852923834303,,
2,2304.7285509179555,,
2,2305.604178001608,,
2,2306.4798050852605,,
2,2307.355432168913,,
2,2308.2310592525655,,
2,2309.106686336218,,
2,2309.9823134198705,,
2,2310.857940503523,,
2,2311.7335675871755,,
2,2312.609194670828,,
2,2313.4848217544804,,
2,2314.360448838133,,
2,2315.2360759217854,,
2,2316.111703005438,,
2,2316.9873300890904,,
2,2317.862957172743,,
2,2318.7385842563954,,
2,2319.614211340048,,
2,2320.4898384237003,,
2,2321.365465507353,,
2,2322.2410925910053,,
2,2323.116719674658,,
2,2323.9923467583103,,
2,2324.867973841963,,
2,2325.7436009256153,,
2,2326.6192280092678,,
2,2327.4948550929203,,
2,2328.3704821765728,,
2,2329.2461092602252,,
2,2330.1217363438777,,
2,2330.99736342753,,
2,2331.8729905111827,,
2,2332.748617594835,,
2,2333.6242446784877,,
2,2334.49987176214,,
2,2335.3754988457927,,
2,2336.251125929445,,
2,2337.1267530130976,,
2,2338.00238009675,,
2,2338.8780071804026,,
2,2339.753634264055,,
2,2340.6292613477076,,
2,2341.50488843136,,
2,2342.3805155150126,,
2,2343.256142598665,,
2,2344.1317696823176,,
2,2345.00739676597,,
2,2345.8830238496225,,
2,2346.758650933275,,
2,2347.6342780169275,,
2,2348.50990510058,,
2,2349.3855321842325,,
2,2350.261159267885,,
2,2351.1367863515375,,
2,2352.01241343519,,
2,2352.8880405188424,,
2,2353.763667602495,,
2,2354.6392946861474,,
2,2355.5149217698,,
2,2356.3905488534524,,
2,2357.266175937105,,
2,2358.1418030207574,,
2,2359.01743010441,,
2,2359.8930571880624,,
2,2360.768684271715,,
2,2361.6443113553673,,
2,2362.51993843902,,
2,2363.3955655226723,,
2,2364.271192606325,,
2,2365.1468196899773,,
2,2366.02244677363,,
2,2366.8980738572823,,
2,2367.7737009409348,,
2,2368.6493280245872,,
2,2369.5249551082397,,
2,2370.400582191892,,
2,2371.2762092755447,,
2,2372.151836359197,,
2,2373.0274634428497,,
2,2373.903090526502,,
2,2374.7787176101547,,
2,2375.654344693807,,
2,2376.5299717774597,,
2,2377.405598861112,,
2,2378.2812259447646,,
2,2379.156853028417,,
2,2380.0324801120696,,
2,2380.908107195722,,
2,2381.7837342793746,,
2,2382.659361363027,,
2,2383.5349884466796,,
2,2384.410615530332,,
2,2385.2862426139845,,
2,2386.161869697637,,
2,2387.0374967812895,,
2,2387.913123864942,,
2,2388.7887509485945,,
2,2389.664378032247,,
2,2390.5400051158995,,
2,2391.415632199552,,
2,2392.2912592832045,,
2,2393.166886366857,,
2,2394.0425134505094,,
2,2394.918140534162,,
2,2395.7937676178144,,
2,2396.669394701467,,
2,2397.5450217851194,,
2,2398.420648868772,,
2,2399.2962759524244,,
2,2400.171903036077,,
2,2401.0475301197293,,
2,2401.923157203382,,
2,2402.7987842870343,,
2,2403.674411370687,,
2,2404.5500384543393,,
2,2405.425665537992,,
2,2406.3012926216443,,
2,2407.1769197052968,,
2,2408.0525467889493,,
2,2408.9281738726017,,
2,2409.8038009562542,,
2,2410.6794280399067,,
2,2411.555055123559,,
2,2412.4306822072117,,
2,2413.306309290864,,
2,2414.1819363745167,,
2,2415.057563458169,,
2,2415.9331905418217,,
2,2416.808817625474,,
2,2417.6844447091266,,
2,2418.560071792779,,
2,2419.4356988764316,,
2,2420.311325960084,,
2,2421.1869530437366,,
2,2422.062580127389,,
2,2422.9382072110416,,
2,2423.813834294694,,
2,2424.6894613783466,,
2,2425.565088461999,,
2,2426.4407155456515,,
2,2427.316342629304,,
2,2428.1919697129565,,
2,2429.067596796609,,
2,2429.9432238802615,,
2,2430.818850963914,,
2,2431.6944780475665,,
2,2432.570105131219,,
2,2433.4457322148714,,
2,2434.321359298524,,
2,2435.1969863821764,,
2,2436.072613465829,,
2,2436.9482405494814,,
2,2437.823867633134,,
2,2438.6994947167864,,
2,2439.575121800439,,
2,2440.4507488840914,,
2,2441.326375967744,,
2,2442.2020030513963,,
2,2443.077630135049,,
2,2443.9532572187013,,
2,2444.828884302354,,
2,2445.7045113860063,,
2,2446.580138469659,,
2,2447.4557655533113,,
2,2448.3313926369638,,
2,2449.2070197206162,,
2,2450.0826468042687,,
2,2450.958273887921,,
2,2451.8339009715737,,
2,2452.709528055226,,
2,2453.5851551388787,,
2,2454.460782222531,,
2,2455.3364093061837,,
2,2456.212036389836,,
2,2457.0876634734886,,
2,2457.963290557141,,
2,2458.8389176407936,,
2,2459.714544724446,,
2,2460.5901718080986,,
2,2461.465798891751,,
2,2462.3414259754036,,
2,2463.217053059056,,
2,2464.0926801427086,,
2,2464.968307226361,,
2,2465.8439343100135,,
2,2466.719561393666,,
2,2467.5951884773185,,
2,2468.470815560971,,
2,2469.3464426446235,,
2,2470.222069728276,,
2,2471.0976968119285,,
2,2471.973323895581,,
2,2472.8489509792335,,
2,2473.724578062886,,
2,2474.6002051465384,,
2,2475.475832230191,,
2,2476.3514593138434,,
2,2477.227086397496,,
2,2478.1027134811484,,
2,2478.978340564801,,
2,2479.8539676484534,,
2,2480.729594732106,,
2,2481.6052218157583,,
2,2482.480848899411,,
2,2483.3564759830633,,
2,2484.232103066716,,
2,2485.1077301503683,,
2,2485.983357234021,,
2,2486.8589843176733,,
2,2487.7346114013258,,
2,2488.6102384849783,,
2,2489.4858655686307,,
2,2490.3614926522832,,
2,2491.2371197359357,,
2,2492.112746819588,,
2,2492.9883739032407,,
2,2493.864000986893,,
2,2494.7396280705457,,
2,2495.615255154198,,
2,2496.4908822378507,,
2,2497.366509321503,,
2,2498.2421364051556,,
2,2499.117763488808,,
2,2499.9933905724606,,
2,2500.869017656113,,
2,2501.7446447397656,,
2,2502.620271823418,,
2,2503.4958989070706,,
2,2504.371525990723,,
2,2505.2471530743755,,
2,2506.122780158028,,
2,2506.9984072416805,,
2,2507.874034325333,,
2,2508.7496614089855,,
2,2509.625288492638,,
2,2510.5009155762905,,
2,2511.376542659943,,
2,2512.2521697435955,,
2,2513.127796827248,,
2,2514.0034239109004,,
2,2514.879050994553,,
2,2515.7546780782054,,
2,2516.630305161858,,
2,2517.5059322455104,,
2,2518.381559329163,,
2,2519.2571864128154,,
2,2520.132813496468,,
2,2521.0084405801204,,
2,2521.884067663773,,
2,2522.7596947474253,,
2,2523.635321831078,,
2,2524.5109489147303,,
2,2525.386575998383,,
2,2526.2622030820353,,
2,2527.137830165688,,
2,2528.0134572493403,,
2,2528.8890843329928,,
2,2529.7647114166452,,
2,2530.6403385002977,,
2,2531.51596558395,,
2,2532.3915926676027,,
2,2533.267219751255,,
2,2534.1428468349077,,
2,2535.01847391856,,
2,2535.8941010022127,,
2,2536.769728085865,,
2,2537.6453551695176,,
2,2538.52098225317,,
2,2539.3966093368226,,
2,2540.272236420475,,
2,2541.1478635041276,,
2,2542.02349058778,,
2,2542.8991176714326,,
2,2543.774744755085,,
2,2544.6503718387376,,
2,2545.52599892239,,
2,2546.4016260060425,,
2,2547.277253089695,,
2,2548.1528801733475,,
2,2549.028507257,,
2,2549.9041343406525,,
2,2550.779761424305,,
2,2551.6553885079575,,
2,2552.53101559161,,
2,2553.4066426752624,,
2,2554.282269758915,,
2,2555.1578968425674,,
2,2556.03352392622,,
2,2556.9091510098724,,
2,2557.784778093525,,
2,2558.6604051771774,,
2,2559.53603226083,,
2,2560.4116593444824,,
2,2561.287286428135,,
2,2562.1629135117873,,
2,2563.03854059544,,
2,2563.9141676790923,,
2,2564.789794762745,,
2,2565.6654218463973,,
2,2566.54104893005,,
2,2567.4166760137023,,
2,2568.2923030973548,,
2,2569.1679301810073,,
2,2570.0435572646597,,
2,2570.9191843483122,,
2,2571.7948114319647,,
2,2572.670438515617,,
2,2573.5460655992697,,
2,2574.421692682922,,
2,2575.2973197665747,,
2,2576.172946850227,,
2,2577.0485739338797,,
2,2577.924201017532,,
2,2578.7998281011846,,
2,2579.675455184837,,
2,2580.5510822684896,,
2,2581.426709352142,,
2,2582.3023364357946,,
2,2583.177963519447,,
2,2584.0535906030996,,
2,2584.929217686752,,
2,2585.8048447704045,,
2,2586.680471854057,,
2,2587.5560989377095,,
2,2588.431726021362,,
2,2589.3073531050145,,
2,2590.182980188667,,
2,2591.0586072723195,,
2,2591.934234355972,,
2,2592.8098614396245,,
2,2593.685488523277,,
2,2594.5611156069294,,
2,2595.436742690582,,
2,2596.3123697742344,,
2,2597.187996857887,,
2,2598.0636239415394,,
2,2598.939251025192,,
2,2599.8148781088444,,
2,2600.690505192497,,
2,2601.5661322761493,,
2,2602.441759359802,,
2,2603.3173864434543,,
2,2604.193013527107,,
2,2605.0686406107593,,
2,2605.944267694412,,
2,2606.8198947780643,,
2,2607.6955218617168,,
2,2608.5711489453693,,
2,2609.4467760290217,,
2,2610.3224031126742,,
2,2611.1980301963267,,
2,2612.073657279979,,
2,2612.9492843636317,,
2,2613.824911447284,,
2,2614.7005385309367,,
2,2615.576165614589,,
2,2616.4517926982417,,
2,2617.327419781894,,
2,2618.2030468655466,,
2,2619.078673949199,,
2,2619.9543010328516,,
2,2620.829928116504,,
2,2621.7055552001566,,
2,2622.581182283809,,
2,2623.4568093674616,,
2,2624.332436451114,,
2,2625.2080635347666,,
2,2626.083690618419,,
2,2626.9593177020715,,
2,2627.834944785724,,
2,2628.7105718693765,,
2,2629.586198953029,,
2,2630.4618260366815,,
2,2631.337453120334,,
2,2632.2130802039865,,
2,2633.088707287639,,
2,2633.9643343712914,,
2,2634.839961454944,,
2,2635.7155885385964,,
2,2636.591215622249,,
2,2637.4668427059014,,
2,2638.342469789554,,
2,2639.2180968732064,,
2,2640.093723956859,,
2,2640.9693510405114,-0.07245166375180467,0.06641719173478176
2,2641.844978124164,-0.013949291332249203,0.09006051104132481
2,2642.7206052078163,0.9418182604881142,0.08787031459604279
2,2643.596232291469,-0.023055489253742678,0.13095694360048332
2,2644.4718593751213,0.3457207586550215,0.12999163149135612
2,2645.347486458774,0.42629982045638837,0.11050035969679471
2,2646.2231135424263,-0.09848331594231041,0.14359130942497364
2,2647.098740626079,0.3474012903569301,0.1422243788443429
2,2647.9743677097313,0.14512063374183537,0.08417670359438462
2,2648.8499947933838,0.26920174555467025,0.09786889334611436
2,2649.7256218770362,0.32401757459787905,0.14065634963696397
2,2650.6012489606887,,
2,2651.476876044341,,
2,2652.3525031279937,,
2,2653.228130211646,,
2,2654.1037572952987,,
2,2654.979384378951,,
2,2655.8550114626037,0.10293220823476279,0.07589348797857615
2,2656.730638546256,0.042484729833369705,0.120662090150106
2,2657.6062656299086,0.1760645619328649,0.08629550618091478
2,2658.481892713561,0.5149065080286563,0.13561484402908913
2,2659.3575197972136,0.19920926665584204,0.12495106429875398
2,2660.233146880866,0.05416557777504494,0.0699484563481609
2,2661.1087739645186,0.26165809990896793,0.0918486432243331
2,2661.984401048171,0.4042072630571214,0.10981206745659905
2,2662.8600281318236,0.12285909362252934,0.12364052930635418
2,2663.735655215476,0.4859186866768006,0.09275868975381613
2,2664.6112822991286,,
2,2665.486909382781,0.6324463798725866,0.10277986551559642
2,2666.3625364664335,,
2,2667.238163550086,,
2,2668.1137906337385,,
2,2668.989417717391,,
2,2669.8650448010435,0.6176999482842005,0.09769361379369057
2,2670.740671884696,0.718759950600556,0.1109068661215656
2,2671.6162989683485,0.49510111530837175,0.13192015002344665
2,2672.491926052001,0.848130539259695,0.11602628215696006
2,2673.3675531356535,0.39801775025372077,0.10900914052179617
2,2674.243180219306,0.2604209828718229,0.09315808550295163
2,2675.1188073029584,0.46428441622881067,0.1347737772095411
2,2675.994434386611,0.4960367641448915,0.13438422799439476
2,2676.8700614702634,0.24013884266860241,0.08681124164741905
2,2677.745688553916,0.3163601136065841,0.11878415765838869
2,2678.6213156375684,,
2,2679.496942721221,,
2,2680.3725698048734,,
2,2681.248196888526,,
2,2682.1238239721783,,
2,2682.999451055831,,
2,2683.8750781394833,0.22566124959699785,0.08562137609551984
2,2684.750705223136,0.14634569648430684,0.11399794207274878
2,2685.6263323067883,0.26764517577826386,0.062012693039912394
2,2686.501959390441,0.08038798176102091,0.10309350378074851
2,2687.3775864740933,-0.2226701177852064,0.09543688776637477
2,2688.2532135577458,0.1513646991239126,0.10652520423590159
2,2689.1288406413983,0.06318230750157472,0.0903297495256571
2,2690.0044677250507,0.3708733469826031,0.07062763249396724
2,2690.8800948087032,0.08362535478456667,0.0796718525272661
3,1747.010185134615,0.18342009008198712,0.08018312452310834
3,1766.1335797279266,,
3,1785.2569743212382,,
3,1804.3803689145498,,
3,1823.5037635078613,,
3,1842.6271581011729,,
3,1861.7505526944844,,
3,1880.873947287796,,
3,1899.9973418811076,1.1883921351748539,0.05261359185627476
3,1919.1207364744191,0.468662331138181,0.07406170823327227
3,1938.2441310677307,0.3556114124454446,0.08837163647529192
3,1957.3675256610422,,
3,1976.4909202543538,,
3,1995.6143148476654,,
3,2014.737709440977,,
3,2033.8611040342885,,
3,2052.9844986276003,,
3,2072.107893220912,,
3,2091.231287814224,,
3,2110.3546824075356,,
3,2129.4780770008474,,
3,2148.601471594159,,
3,2167.724866187471,,
3,2186.8482607807828,,
3,2205.9716553740946,,
3,2225.0950499674063,,
3,2244.218444560718,,
3,2263.34183915403,,
3,2282.4652337473417,,
3,2301.5886283406535,,
3,2320.7120229339653,,
3,2339.835417527277,,
3,2358.958812120589,,
3,2378.0822067139006,,
3,2397.2056013072124,,
3,2416.328995900524,,
3,2435.452390493836,,
3,2454.575785087148,,
3,2473.6991796804596,,
3,2492.8225742737714,,
3,2511.945968867083,,
3,2531.069363460395,,
3,2550.1927580537067,,
3,2569.3161526470185,,
3,2588.4395472403303,,
3,2607.562941833642,,
3,2626.686336426954,,
3,2645.8097310202656,0.20934782212345127,0.08557277029648959
3,2664.9331256135774,,
3,2684.056520206889,0.08743087854423681,0.07180559394260597
